{
  "n_scored": 1146,
  "n_missing_responses": 0,
  "n_extra_responses": 0,
  "f1_weighted": 0.5964652806301519,
  "f1_macro": 0.3778577904036459,
  "exact_match": 0.5977312390924956,
  "request_errors": 0,
  "parse_failures": 0,
  "oov_predictions_after_parse": 0,
  "extraction_methods": {
    "json": 1146
  },
  "gold_label_distribution": {
    "Worker Strike": 178,
    "Accident": 191,
    "Administrative Issue": 333,
    "Human Error": 9,
    "Weather": 366,
    "Terrorism": 60,
    "Cyber Attack": 4,
    "Others": 5
  },
  "pred_label_distribution": {
    "Worker Strike": 183,
    "Accident": 299,
    "Others": 250,
    "Weather": 334,
    "Administrative Issue": 27,
    "Cyber Attack": 17,
    "Terrorism": 21,
    "Human Error": 15
  },
  "per_class": {
    "Weather": {
      "precision": 0.8982035928143712,
      "recall": 0.819672131147541,
      "f1-score": 0.8571428571428571,
      "support": 366.0
    },
    "Worker Strike": {
      "precision": 0.8633879781420765,
      "recall": 0.8876404494382022,
      "f1-score": 0.8753462603878116,
      "support": 178.0
    },
    "Administrative Issue": {
      "precision": 1.0,
      "recall": 0.08108108108108109,
      "f1-score": 0.15,
      "support": 333.0
    },
    "Human Error": {
      "precision": 0.0,
      "recall": 0.0,
      "f1-score": 0.0,
      "support": 9.0
    },
    "Cyber Attack": {
      "precision": 0.23529411764705882,
      "recall": 1.0,
      "f1-score": 0.38095238095238093,
      "support": 4.0
    },
    "Terrorism": {
      "precision": 0.7619047619047619,
      "recall": 0.26666666666666666,
      "f1-score": 0.3950617283950617,
      "support": 60.0
    },
    "Accident": {
      "precision": 0.5953177257525084,
      "recall": 0.9319371727748691,
      "f1-score": 0.726530612244898,
      "support": 191.0
    },
    "Others": {
      "precision": 0.008,
      "recall": 0.4,
      "f1-score": 0.01568627450980392,
      "support": 5.0
    },
    "accuracy": 0.5977312390924956,
    "macro avg": {
      "precision": 0.5452635220325971,
      "recall": 0.548374687638545,
      "f1-score": 0.42509001420410164,
      "support": 1146.0
    },
    "weighted avg": {
      "precision": 0.85150673899036,
      "recall": 0.5977312390924956,
      "f1-score": 0.5964652806301519,
      "support": 1146.0
    }
  }
}