{
  "n_scored": 1146,
  "n_missing_responses": 0,
  "n_extra_responses": 0,
  "f1_weighted": 0.6864928306313063,
  "f1_macro": 0.40010842280352005,
  "exact_match": 0.6815008726003491,
  "request_errors": 1,
  "parse_failures": 0,
  "oov_predictions_after_parse": 0,
  "extraction_methods": {
    "json": 1140,
    "regex_category": 5,
    "request_error": 1
  },
  "gold_label_distribution": {
    "Worker Strike": 178,
    "Accident": 191,
    "Administrative Issue": 333,
    "Human Error": 9,
    "Weather": 366,
    "Terrorism": 60,
    "Cyber Attack": 4,
    "Others": 5
  },
  "pred_label_distribution": {
    "Worker Strike": 213,
    "Accident": 318,
    "Administrative Issue": 162,
    "Weather": 336,
    "Others": 69,
    "Human Error": 21,
    "Terrorism": 18,
    "Cyber Attack": 8,
    "<NO_PREDICTION>": 1
  },
  "per_class": {
    "Weather": {
      "precision": 0.8541666666666666,
      "recall": 0.7841530054644809,
      "f1-score": 0.8176638176638177,
      "support": 366.0
    },
    "Worker Strike": {
      "precision": 0.784037558685446,
      "recall": 0.9382022471910112,
      "f1-score": 0.8542199488491049,
      "support": 178.0
    },
    "Administrative Issue": {
      "precision": 0.8209876543209876,
      "recall": 0.3993993993993994,
      "f1-score": 0.5373737373737374,
      "support": 333.0
    },
    "Human Error": {
      "precision": 0.0,
      "recall": 0.0,
      "f1-score": 0.0,
      "support": 9.0
    },
    "Cyber Attack": {
      "precision": 0.25,
      "recall": 0.5,
      "f1-score": 0.3333333333333333,
      "support": 4.0
    },
    "Terrorism": {
      "precision": 0.7777777777777778,
      "recall": 0.23333333333333334,
      "f1-score": 0.358974358974359,
      "support": 60.0
    },
    "Accident": {
      "precision": 0.559748427672956,
      "recall": 0.9319371727748691,
      "f1-score": 0.6994106090373281,
      "support": 191.0
    },
    "Others": {
      "precision": 0.0,
      "recall": 0.0,
      "f1-score": 0.0,
      "support": 5.0
    },
    "micro avg": {
      "precision": 0.6820960698689956,
      "recall": 0.6815008726003491,
      "f1-score": 0.6817983413356613,
      "support": 1146.0
    },
    "macro avg": {
      "precision": 0.5058397606404792,
      "recall": 0.4733781447703867,
      "f1-score": 0.45012197565396006,
      "support": 1146.0
    },
    "weighted avg": {
      "precision": 0.7680202362016575,
      "recall": 0.6815008726003491,
      "f1-score": 0.6864928306313063,
      "support": 1146.0
    }
  }
}