{
  "n_scored": 1146,
  "n_missing_responses": 0,
  "n_extra_responses": 0,
  "f1_weighted": 0.7341063424082834,
  "f1_macro": 0.3955534654044139,
  "exact_match": 0.7364746945898778,
  "request_errors": 0,
  "parse_failures": 0,
  "oov_predictions_after_parse": 6,
  "extraction_methods": {
    "json": 1146
  },
  "gold_label_distribution": {
    "Worker Strike": 178,
    "Accident": 191,
    "Administrative Issue": 333,
    "Human Error": 9,
    "Weather": 366,
    "Terrorism": 60,
    "Cyber Attack": 4,
    "Others": 5
  },
  "pred_label_distribution": {
    "Worker Strike": 134,
    "Accident": 225,
    "Administrative Issue": 477,
    "Weather": 249,
    "Cyber Attack": 24,
    "Others": 22,
    "Human Error": 4,
    "Hurricane Dorian": 1,
    "Tropical Storm": 2,
    "Terrorism": 5,
    "Tropical Cyclone": 2,
    "Hurricane Delphi": 1
  },
  "per_class": {
    "Weather": {
      "precision": 0.9678714859437751,
      "recall": 0.6584699453551912,
      "f1-score": 0.7837398373983739,
      "support": 366.0
    },
    "Worker Strike": {
      "precision": 0.9477611940298507,
      "recall": 0.7134831460674157,
      "f1-score": 0.8141025641025641,
      "support": 178.0
    },
    "Administrative Issue": {
      "precision": 0.6477987421383647,
      "recall": 0.9279279279279279,
      "f1-score": 0.762962962962963,
      "support": 333.0
    },
    "Human Error": {
      "precision": 0.0,
      "recall": 0.0,
      "f1-score": 0.0,
      "support": 9.0
    },
    "Cyber Attack": {
      "precision": 0.16666666666666666,
      "recall": 1.0,
      "f1-score": 0.2857142857142857,
      "support": 4.0
    },
    "Terrorism": {
      "precision": 1.0,
      "recall": 0.08333333333333333,
      "f1-score": 0.15384615384615385,
      "support": 60.0
    },
    "Accident": {
      "precision": 0.7022222222222222,
      "recall": 0.8272251308900523,
      "f1-score": 0.7596153846153846,
      "support": 191.0
    },
    "Others": {
      "precision": 0.0,
      "recall": 0.0,
      "f1-score": 0.0,
      "support": 5.0
    },
    "micro avg": {
      "precision": 0.7403508771929824,
      "recall": 0.7364746945898778,
      "f1-score": 0.7384076990376203,
      "support": 1146.0
    },
    "macro avg": {
      "precision": 0.5540400388751099,
      "recall": 0.52630493544674,
      "f1-score": 0.4449976485799656,
      "support": 1146.0
    },
    "weighted avg": {
      "precision": 0.8145292745514151,
      "recall": 0.7364746945898778,
      "f1-score": 0.7341063424082834,
      "support": 1146.0
    }
  }
}