{
  "n_scored": 1146,
  "n_missing_responses": 0,
  "n_extra_responses": 0,
  "f1_weighted": 0.7321349190827069,
  "f1_macro": 0.3952236409098881,
  "exact_match": 0.7347294938917975,
  "request_errors": 0,
  "parse_failures": 0,
  "oov_predictions_after_parse": 6,
  "extraction_methods": {
    "json": 1146
  },
  "gold_label_distribution": {
    "Worker Strike": 178,
    "Accident": 191,
    "Administrative Issue": 333,
    "Human Error": 9,
    "Weather": 366,
    "Terrorism": 60,
    "Cyber Attack": 4,
    "Others": 5
  },
  "pred_label_distribution": {
    "Worker Strike": 132,
    "Accident": 224,
    "Administrative Issue": 484,
    "Weather": 246,
    "Cyber Attack": 24,
    "Others": 21,
    "Human Error": 4,
    "Hurricane Dorian": 1,
    "Tropical Storm": 2,
    "Terrorism": 5,
    "Tropical Cyclone": 2,
    "Hurricane Delphi": 1
  },
  "per_class": {
    "Weather": {
      "precision": 0.967479674796748,
      "recall": 0.6502732240437158,
      "f1-score": 0.7777777777777778,
      "support": 366.0
    },
    "Worker Strike": {
      "precision": 0.9621212121212122,
      "recall": 0.7134831460674157,
      "f1-score": 0.8193548387096774,
      "support": 178.0
    },
    "Administrative Issue": {
      "precision": 0.640495867768595,
      "recall": 0.9309309309309309,
      "f1-score": 0.758873929008568,
      "support": 333.0
    },
    "Human Error": {
      "precision": 0.0,
      "recall": 0.0,
      "f1-score": 0.0,
      "support": 9.0
    },
    "Cyber Attack": {
      "precision": 0.16666666666666666,
      "recall": 1.0,
      "f1-score": 0.2857142857142857,
      "support": 4.0
    },
    "Terrorism": {
      "precision": 1.0,
      "recall": 0.08333333333333333,
      "f1-score": 0.15384615384615385,
      "support": 60.0
    },
    "Accident": {
      "precision": 0.7053571428571429,
      "recall": 0.8272251308900523,
      "f1-score": 0.7614457831325301,
      "support": 191.0
    },
    "Others": {
      "precision": 0.0,
      "recall": 0.0,
      "f1-score": 0.0,
      "support": 5.0
    },
    "micro avg": {
      "precision": 0.7385964912280701,
      "recall": 0.7347294938917975,
      "f1-score": 0.73665791776028,
      "support": 1146.0
    },
    "macro avg": {
      "precision": 0.5552650705262956,
      "recall": 0.525655720658181,
      "f1-score": 0.4446265960236241,
      "support": 1146.0
    },
    "weighted avg": {
      "precision": 0.81503502761999,
      "recall": 0.7347294938917975,
      "f1-score": 0.7321349190827069,
      "support": 1146.0
    }
  }
}