{
  "n_scored": 1146,
  "n_missing_responses": 0,
  "n_extra_responses": 0,
  "f1_weighted": 0.7496909637356063,
  "f1_macro": 0.6464669681224305,
  "exact_match": 0.7617801047120419,
  "request_errors": 0,
  "parse_failures": 0,
  "oov_predictions_after_parse": 0,
  "extraction_methods": {
    "json": 1146
  },
  "gold_label_distribution": {
    "Worker Strike": 178,
    "Accident": 191,
    "Administrative Issue": 333,
    "Human Error": 9,
    "Weather": 366,
    "Terrorism": 60,
    "Cyber Attack": 4,
    "Others": 5
  },
  "pred_label_distribution": {
    "Worker Strike": 170,
    "Accident": 197,
    "Administrative Issue": 542,
    "Weather": 150,
    "Terrorism": 68,
    "Human Error": 3,
    "Others": 12,
    "Cyber Attack": 4
  },
  "per_class": {
    "Weather": {
      "precision": 0.9866666666666667,
      "recall": 0.40437158469945356,
      "f1-score": 0.5736434108527132,
      "support": 366.0
    },
    "Worker Strike": {
      "precision": 0.9705882352941176,
      "recall": 0.9269662921348315,
      "f1-score": 0.9482758620689655,
      "support": 178.0
    },
    "Administrative Issue": {
      "precision": 0.5701107011070111,
      "recall": 0.9279279279279279,
      "f1-score": 0.7062857142857143,
      "support": 333.0
    },
    "Human Error": {
      "precision": 1.0,
      "recall": 0.3333333333333333,
      "f1-score": 0.5,
      "support": 9.0
    },
    "Cyber Attack": {
      "precision": 1.0,
      "recall": 1.0,
      "f1-score": 1.0,
      "support": 4.0
    },
    "Terrorism": {
      "precision": 0.8529411764705882,
      "recall": 0.9666666666666667,
      "f1-score": 0.90625,
      "support": 60.0
    },
    "Accident": {
      "precision": 0.934010152284264,
      "recall": 0.9633507853403142,
      "f1-score": 0.9484536082474226,
      "support": 191.0
    },
    "Others": {
      "precision": 0.16666666666666666,
      "recall": 0.4,
      "f1-score": 0.23529411764705882,
      "support": 5.0
    },
    "accuracy": 0.7617801047120419,
    "macro avg": {
      "precision": 0.8101229498111643,
      "recall": 0.7403270737628159,
      "f1-score": 0.7272753391377343,
      "support": 1146.0
    },
    "weighted avg": {
      "precision": 0.8439243563340757,
      "recall": 0.7617801047120419,
      "f1-score": 0.7496909637356063,
      "support": 1146.0
    }
  }
}