{
  "n_scored": 1146,
  "n_missing_responses": 0,
  "n_extra_responses": 0,
  "f1_weighted": 0.3944471685718391,
  "f1_macro": 0.29450194238665894,
  "exact_match": 0.4389179755671902,
  "request_errors": 0,
  "parse_failures": 0,
  "oov_predictions_after_parse": 0,
  "extraction_methods": {
    "json": 1145,
    "regex_category": 1
  },
  "gold_label_distribution": {
    "Worker Strike": 178,
    "Accident": 191,
    "Administrative Issue": 333,
    "Human Error": 9,
    "Weather": 366,
    "Terrorism": 60,
    "Cyber Attack": 4,
    "Others": 5
  },
  "pred_label_distribution": {
    "Worker Strike": 39,
    "Accident": 328,
    "Administrative Issue": 570,
    "Others": 160,
    "Weather": 46,
    "Cyber Attack": 3
  },
  "per_class": {
    "Weather": {
      "precision": 1.0,
      "recall": 0.12568306010928962,
      "f1-score": 0.22330097087378642,
      "support": 366.0
    },
    "Worker Strike": {
      "precision": 0.9743589743589743,
      "recall": 0.21348314606741572,
      "f1-score": 0.35023041474654376,
      "support": 178.0
    },
    "Administrative Issue": {
      "precision": 0.4368421052631579,
      "recall": 0.7477477477477478,
      "f1-score": 0.5514950166112956,
      "support": 333.0
    },
    "Human Error": {
      "precision": 0.0,
      "recall": 0.0,
      "f1-score": 0.0,
      "support": 9.0
    },
    "Cyber Attack": {
      "precision": 1.0,
      "recall": 0.75,
      "f1-score": 0.8571428571428571,
      "support": 4.0
    },
    "Terrorism": {
      "precision": 0.0,
      "recall": 0.0,
      "f1-score": 0.0,
      "support": 60.0
    },
    "Accident": {
      "precision": 0.5,
      "recall": 0.8586387434554974,
      "f1-score": 0.6319845857418112,
      "support": 191.0
    },
    "Others": {
      "precision": 0.01875,
      "recall": 0.6,
      "f1-score": 0.03636363636363636,
      "support": 5.0
    },
    "accuracy": 0.4389179755671902,
    "macro avg": {
      "precision": 0.4912438849527665,
      "recall": 0.4119440871724938,
      "f1-score": 0.3313146851849913,
      "support": 1146.0
    },
    "weighted avg": {
      "precision": 0.6845532883844058,
      "recall": 0.4389179755671902,
      "f1-score": 0.3944471685718391,
      "support": 1146.0
    }
  }
}