{
  "n_scored": 1146,
  "n_missing_responses": 0,
  "n_extra_responses": 0,
  "f1_weighted": 0.4462620683457086,
  "f1_macro": 0.20572407490815647,
  "exact_match": 0.47731239092495636,
  "request_errors": 0,
  "parse_failures": 0,
  "oov_predictions_after_parse": 7,
  "extraction_methods": {
    "regex_category": 67,
    "fuzzy_name": 802,
    "json": 277
  },
  "gold_label_distribution": {
    "Worker Strike": 178,
    "Accident": 191,
    "Administrative Issue": 333,
    "Human Error": 9,
    "Weather": 366,
    "Terrorism": 60,
    "Cyber Attack": 4,
    "Others": 5
  },
  "pred_label_distribution": {
    "Worker Strike": 43,
    "Accident": 36,
    "Administrative Issue": 880,
    "Earthquake": 1,
    "Weather": 164,
    "Terrorism": 7,
    "Worker StrikeOkay, let": 2,
    "Administrative IssueOkay, let": 2,
    "Okay, let": 4,
    "Others": 2,
    "WeatherOkay, let": 1,
    "Cyber Attack": 2,
    "AdministrativeOkay, let": 2
  },
  "per_class": {
    "Weather": {
      "precision": 0.9636363636363636,
      "recall": 0.4344262295081967,
      "f1-score": 0.5988700564971752,
      "support": 366.0
    },
    "Worker Strike": {
      "precision": 0.9555555555555556,
      "recall": 0.24157303370786518,
      "f1-score": 0.38565022421524664,
      "support": 178.0
    },
    "Administrative Issue": {
      "precision": 0.35714285714285715,
      "recall": 0.9459459459459459,
      "f1-score": 0.5185185185185185,
      "support": 333.0
    },
    "Human Error": {
      "precision": 0.0,
      "recall": 0.0,
      "f1-score": 0.0,
      "support": 9.0
    },
    "Cyber Attack": {
      "precision": 0.0,
      "recall": 0.0,
      "f1-score": 0.0,
      "support": 4.0
    },
    "Terrorism": {
      "precision": 0.5714285714285714,
      "recall": 0.06666666666666667,
      "f1-score": 0.11940298507462686,
      "support": 60.0
    },
    "Accident": {
      "precision": 0.7222222222222222,
      "recall": 0.13612565445026178,
      "f1-score": 0.2290748898678414,
      "support": 191.0
    },
    "Others": {
      "precision": 0.0,
      "recall": 0.0,
      "f1-score": 0.0,
      "support": 5.0
    },
    "micro avg": {
      "precision": 0.48024582967515367,
      "recall": 0.47731239092495636,
      "f1-score": 0.4787746170678337,
      "support": 1146.0
    },
    "macro avg": {
      "precision": 0.4462481962481962,
      "recall": 0.22809219128486705,
      "f1-score": 0.23143958427167605,
      "support": 1146.0
    },
    "weighted avg": {
      "precision": 0.7102430437508971,
      "recall": 0.47731239092495636,
      "f1-score": 0.4462620683457086,
      "support": 1146.0
    }
  }
}