{
  "n_scored": 1146,
  "n_missing_responses": 0,
  "n_extra_responses": 0,
  "f1_weighted": 0.40314631743862445,
  "f1_macro": 0.3003125477073989,
  "exact_match": 0.4406631762652705,
  "request_errors": 0,
  "parse_failures": 0,
  "oov_predictions_after_parse": 0,
  "extraction_methods": {
    "json": 1146
  },
  "gold_label_distribution": {
    "Worker Strike": 178,
    "Accident": 191,
    "Administrative Issue": 333,
    "Human Error": 9,
    "Weather": 366,
    "Terrorism": 60,
    "Cyber Attack": 4,
    "Others": 5
  },
  "pred_label_distribution": {
    "Worker Strike": 44,
    "Accident": 324,
    "Administrative Issue": 556,
    "Others": 170,
    "Weather": 49,
    "Cyber Attack": 3
  },
  "per_class": {
    "Weather": {
      "precision": 1.0,
      "recall": 0.13387978142076504,
      "f1-score": 0.236144578313253,
      "support": 366.0
    },
    "Worker Strike": {
      "precision": 0.9772727272727273,
      "recall": 0.24157303370786518,
      "f1-score": 0.38738738738738737,
      "support": 178.0
    },
    "Administrative Issue": {
      "precision": 0.44064748201438847,
      "recall": 0.7357357357357357,
      "f1-score": 0.5511811023622047,
      "support": 333.0
    },
    "Human Error": {
      "precision": 0.0,
      "recall": 0.0,
      "f1-score": 0.0,
      "support": 9.0
    },
    "Cyber Attack": {
      "precision": 1.0,
      "recall": 0.75,
      "f1-score": 0.8571428571428571,
      "support": 4.0
    },
    "Terrorism": {
      "precision": 0.0,
      "recall": 0.0,
      "f1-score": 0.0,
      "support": 60.0
    },
    "Accident": {
      "precision": 0.49691358024691357,
      "recall": 0.8429319371727748,
      "f1-score": 0.625242718446602,
      "support": 191.0
    },
    "Others": {
      "precision": 0.023529411764705882,
      "recall": 0.8,
      "f1-score": 0.045714285714285714,
      "support": 5.0
    },
    "accuracy": 0.4406631762652705,
    "macro avg": {
      "precision": 0.4922954001623419,
      "recall": 0.4380150610046426,
      "f1-score": 0.33785161617082377,
      "support": 1146.0
    },
    "weighted avg": {
      "precision": 0.6856180609522871,
      "recall": 0.4406631762652705,
      "f1-score": 0.40314631743862445,
      "support": 1146.0
    }
  }
}