{
  "model": "Gemma-4-E4B-it",
  "shots": [
    0,
    5
  ],
  "frameworks": {
    "llamacpp": {
      "0shot": {
        "f1_weighted": 0.8497277055475193,
        "f1_macro": 0.6796973411955448,
        "exact_match": 0.8481675392670157,
        "n_scored": 1146,
        "request_errors": 0,
        "parse_failures": 0,
        "oov_predictions_after_parse": 0
      },
      "5shot": {
        "f1_weighted": 0.9107044917574857,
        "f1_macro": 0.6906988849390324,
        "exact_match": 0.9057591623036649,
        "n_scored": 1146,
        "request_errors": 0,
        "parse_failures": 0,
        "oov_predictions_after_parse": 0
      }
    },
    "mlx_lm": {
      "0shot": {
        "f1_weighted": 0.7496909637356063,
        "f1_macro": 0.6464669681224305,
        "exact_match": 0.7617801047120419,
        "n_scored": 1146,
        "request_errors": 0,
        "parse_failures": 0,
        "oov_predictions_after_parse": 0
      },
      "5shot": {
        "f1_weighted": 0.8855591984691223,
        "f1_macro": 0.6979382144042356,
        "exact_match": 0.8848167539267016,
        "n_scored": 1146,
        "request_errors": 0,
        "parse_failures": 0,
        "oov_predictions_after_parse": 0
      }
    },
    "omlx": {
      "0shot": {
        "f1_weighted": 0.5523566205253088,
        "f1_macro": 0.31822199705167314,
        "exact_match": 0.462478184991274,
        "n_scored": 1146,
        "request_errors": 0,
        "parse_failures": 378,
        "oov_predictions_after_parse": 15
      },
      "5shot": {
        "f1_weighted": 0.04534630576531826,
        "f1_macro": 0.028355625961949776,
        "exact_match": 0.02356020942408377,
        "n_scored": 1146,
        "request_errors": 0,
        "parse_failures": 1103,
        "oov_predictions_after_parse": 6
      }
    }
  }
}