{
  "n_scored": 1146,
  "n_missing_responses": 0,
  "n_extra_responses": 0,
  "f1_weighted": 0.5893575928298991,
  "f1_macro": 0.37582695006919425,
  "exact_match": 0.5968586387434555,
  "request_errors": 0,
  "parse_failures": 0,
  "oov_predictions_after_parse": 0,
  "extraction_methods": {
    "json": 1146
  },
  "gold_label_distribution": {
    "Worker Strike": 178,
    "Accident": 191,
    "Administrative Issue": 333,
    "Human Error": 9,
    "Weather": 366,
    "Terrorism": 60,
    "Cyber Attack": 4,
    "Others": 5
  },
  "pred_label_distribution": {
    "Worker Strike": 186,
    "Accident": 311,
    "Others": 242,
    "Weather": 331,
    "Administrative Issue": 24,
    "Cyber Attack": 17,
    "Terrorism": 20,
    "Human Error": 15
  },
  "per_class": {
    "Weather": {
      "precision": 0.8972809667673716,
      "recall": 0.8114754098360656,
      "f1-score": 0.8522238163558106,
      "support": 366.0
    },
    "Worker Strike": {
      "precision": 0.8602150537634409,
      "recall": 0.898876404494382,
      "f1-score": 0.8791208791208791,
      "support": 178.0
    },
    "Administrative Issue": {
      "precision": 0.9583333333333334,
      "recall": 0.06906906906906907,
      "f1-score": 0.12885154061624648,
      "support": 333.0
    },
    "Human Error": {
      "precision": 0.0,
      "recall": 0.0,
      "f1-score": 0.0,
      "support": 9.0
    },
    "Cyber Attack": {
      "precision": 0.23529411764705882,
      "recall": 1.0,
      "f1-score": 0.38095238095238093,
      "support": 4.0
    },
    "Terrorism": {
      "precision": 0.8,
      "recall": 0.26666666666666666,
      "f1-score": 0.4,
      "support": 60.0
    },
    "Accident": {
      "precision": 0.5852090032154341,
      "recall": 0.9528795811518325,
      "f1-score": 0.7250996015936255,
      "support": 191.0
    },
    "Others": {
      "precision": 0.008264462809917356,
      "recall": 0.4,
      "f1-score": 0.016194331983805668,
      "support": 5.0
    },
    "accuracy": 0.5968586387434555,
    "macro avg": {
      "precision": 0.5430746171920695,
      "recall": 0.549870891402252,
      "f1-score": 0.42280531882784356,
      "support": 1146.0
    },
    "weighted avg": {
      "precision": 0.838922802622632,
      "recall": 0.5968586387434555,
      "f1-score": 0.5893575928298991,
      "support": 1146.0
    }
  }
}