{
  "n_scored": 1146,
  "n_missing_responses": 0,
  "n_extra_responses": 0,
  "f1_weighted": 0.7364423768646795,
  "f1_macro": 0.3923681106136993,
  "exact_match": 0.7373472949389179,
  "request_errors": 0,
  "parse_failures": 0,
  "oov_predictions_after_parse": 6,
  "extraction_methods": {
    "json": 1146
  },
  "gold_label_distribution": {
    "Worker Strike": 178,
    "Accident": 191,
    "Administrative Issue": 333,
    "Human Error": 9,
    "Weather": 366,
    "Terrorism": 60,
    "Cyber Attack": 4,
    "Others": 5
  },
  "pred_label_distribution": {
    "Worker Strike": 135,
    "Accident": 226,
    "Administrative Issue": 467,
    "Weather": 252,
    "Cyber Attack": 29,
    "Others": 22,
    "Human Error": 4,
    "Hurricane Dorian": 1,
    "Tropical Storm": 2,
    "Terrorism": 5,
    "Tropical Cyclone": 2,
    "Hurricane Delphi": 1
  },
  "per_class": {
    "Weather": {
      "precision": 0.9603174603174603,
      "recall": 0.6612021857923497,
      "f1-score": 0.7831715210355987,
      "support": 366.0
    },
    "Worker Strike": {
      "precision": 0.9555555555555556,
      "recall": 0.7247191011235955,
      "f1-score": 0.8242811501597445,
      "support": 178.0
    },
    "Administrative Issue": {
      "precision": 0.6552462526766595,
      "recall": 0.918918918918919,
      "f1-score": 0.765,
      "support": 333.0
    },
    "Human Error": {
      "precision": 0.0,
      "recall": 0.0,
      "f1-score": 0.0,
      "support": 9.0
    },
    "Cyber Attack": {
      "precision": 0.13793103448275862,
      "recall": 1.0,
      "f1-score": 0.24242424242424243,
      "support": 4.0
    },
    "Terrorism": {
      "precision": 1.0,
      "recall": 0.08333333333333333,
      "f1-score": 0.15384615384615385,
      "support": 60.0
    },
    "Accident": {
      "precision": 0.7035398230088495,
      "recall": 0.8324607329842932,
      "f1-score": 0.762589928057554,
      "support": 191.0
    },
    "Others": {
      "precision": 0.0,
      "recall": 0.0,
      "f1-score": 0.0,
      "support": 5.0
    },
    "micro avg": {
      "precision": 0.7412280701754386,
      "recall": 0.7373472949389179,
      "f1-score": 0.7392825896762905,
      "support": 1146.0
    },
    "macro avg": {
      "precision": 0.5515737657551605,
      "recall": 0.5275792840190614,
      "f1-score": 0.4414141244404117,
      "support": 1146.0
    },
    "weighted avg": {
      "precision": 0.8156107433150334,
      "recall": 0.7373472949389179,
      "f1-score": 0.7364423768646795,
      "support": 1146.0
    }
  }
}