{
  "n_scored": 1146,
  "n_missing_responses": 0,
  "n_extra_responses": 0,
  "f1_weighted": 0.8201308628241679,
  "f1_macro": 0.6702166259435685,
  "exact_match": 0.8219895287958116,
  "request_errors": 1,
  "parse_failures": 0,
  "oov_predictions_after_parse": 0,
  "extraction_methods": {
    "json": 1145,
    "request_error": 1
  },
  "gold_label_distribution": {
    "Worker Strike": 178,
    "Accident": 191,
    "Administrative Issue": 333,
    "Human Error": 9,
    "Weather": 366,
    "Terrorism": 60,
    "Cyber Attack": 4,
    "Others": 5
  },
  "pred_label_distribution": {
    "Worker Strike": 178,
    "Accident": 198,
    "Administrative Issue": 464,
    "Weather": 216,
    "Terrorism": 70,
    "Human Error": 4,
    "Others": 11,
    "Cyber Attack": 4,
    "<NO_PREDICTION>": 1
  },
  "per_class": {
    "Weather": {
      "precision": 0.9907407407407407,
      "recall": 0.5846994535519126,
      "f1-score": 0.7353951890034365,
      "support": 366.0
    },
    "Worker Strike": {
      "precision": 0.9606741573033708,
      "recall": 0.9606741573033708,
      "f1-score": 0.9606741573033708,
      "support": 178.0
    },
    "Administrative Issue": {
      "precision": 0.6530172413793104,
      "recall": 0.9099099099099099,
      "f1-score": 0.7603513174404015,
      "support": 333.0
    },
    "Human Error": {
      "precision": 0.75,
      "recall": 0.3333333333333333,
      "f1-score": 0.46153846153846156,
      "support": 9.0
    },
    "Cyber Attack": {
      "precision": 1.0,
      "recall": 1.0,
      "f1-score": 1.0,
      "support": 4.0
    },
    "Terrorism": {
      "precision": 0.8428571428571429,
      "recall": 0.9833333333333333,
      "f1-score": 0.9076923076923077,
      "support": 60.0
    },
    "Accident": {
      "precision": 0.9393939393939394,
      "recall": 0.9738219895287958,
      "f1-score": 0.9562982005141388,
      "support": 191.0
    },
    "Others": {
      "precision": 0.18181818181818182,
      "recall": 0.4,
      "f1-score": 0.25,
      "support": 5.0
    },
    "micro avg": {
      "precision": 0.8227074235807861,
      "recall": 0.8219895287958116,
      "f1-score": 0.8223483195111305,
      "support": 1146.0
    },
    "macro avg": {
      "precision": 0.7898126754365858,
      "recall": 0.7682215221200819,
      "f1-score": 0.7539937041865146,
      "support": 1146.0
    },
    "weighted avg": {
      "precision": 0.8662483546205788,
      "recall": 0.8219895287958116,
      "f1-score": 0.8201308628241679,
      "support": 1146.0
    }
  }
}