{
  "n_scored": 1146,
  "n_missing_responses": 0,
  "n_extra_responses": 0,
  "f1_weighted": 0.6958895706327068,
  "f1_macro": 0.40537564851397323,
  "exact_match": 0.6945898778359512,
  "request_errors": 0,
  "parse_failures": 0,
  "oov_predictions_after_parse": 0,
  "extraction_methods": {
    "json": 1142,
    "regex_category": 4
  },
  "gold_label_distribution": {
    "Worker Strike": 178,
    "Accident": 191,
    "Administrative Issue": 333,
    "Human Error": 9,
    "Weather": 366,
    "Terrorism": 60,
    "Cyber Attack": 4,
    "Others": 5
  },
  "pred_label_distribution": {
    "Worker Strike": 210,
    "Accident": 309,
    "Administrative Issue": 170,
    "Weather": 353,
    "Others": 57,
    "Human Error": 21,
    "Terrorism": 18,
    "Cyber Attack": 8
  },
  "per_class": {
    "Weather": {
      "precision": 0.8243626062322946,
      "recall": 0.7950819672131147,
      "f1-score": 0.8094575799721836,
      "support": 366.0
    },
    "Worker Strike": {
      "precision": 0.8,
      "recall": 0.9438202247191011,
      "f1-score": 0.865979381443299,
      "support": 178.0
    },
    "Administrative Issue": {
      "precision": 0.8294117647058824,
      "recall": 0.42342342342342343,
      "f1-score": 0.5606361829025845,
      "support": 333.0
    },
    "Human Error": {
      "precision": 0.0,
      "recall": 0.0,
      "f1-score": 0.0,
      "support": 9.0
    },
    "Cyber Attack": {
      "precision": 0.25,
      "recall": 0.5,
      "f1-score": 0.3333333333333333,
      "support": 4.0
    },
    "Terrorism": {
      "precision": 0.7777777777777778,
      "recall": 0.23333333333333334,
      "f1-score": 0.358974358974359,
      "support": 60.0
    },
    "Accident": {
      "precision": 0.5825242718446602,
      "recall": 0.9424083769633508,
      "f1-score": 0.72,
      "support": 191.0
    },
    "Others": {
      "precision": 0.0,
      "recall": 0.0,
      "f1-score": 0.0,
      "support": 5.0
    },
    "accuracy": 0.6945898778359512,
    "macro avg": {
      "precision": 0.5080095525700768,
      "recall": 0.47975841570654043,
      "f1-score": 0.4560476045782199,
      "support": 1146.0
    },
    "weighted avg": {
      "precision": 0.7672248116204845,
      "recall": 0.6945898778359512,
      "f1-score": 0.6958895706327068,
      "support": 1146.0
    }
  }
}