{
  "mode": "concurrent",
  "wall_time": 170.63420154101914,
  "wall_t0": 287863.6357595,
  "results": [
    {
      "name": "long",
      "t_submit": 287863.6357955,
      "t_first_token": 288033.123779125,
      "t_done": 288034.269877375
    },
    {
      "name": "medium",
      "t_submit": 287863.636596375,
      "t_first_token": 288033.122550416,
      "t_done": 288034.26532875
    },
    {
      "name": "short",
      "t_submit": 287863.636701083,
      "t_first_token": 288033.122467416,
      "t_done": 288034.25204925
    }
  ]
}