{
  "mode": "concurrent",
  "wall_time": 170.73940041597234,
  "wall_t0": 286071.910593,
  "results": [
    {
      "name": "long",
      "t_submit": 286071.91063175,
      "t_done": 286242.649882791
    },
    {
      "name": "medium",
      "t_submit": 286071.911427833,
      "t_done": 286242.64485775
    },
    {
      "name": "short",
      "t_submit": 286071.911516916,
      "t_done": 286242.63142025
    }
  ]
}