{
  "mode": "sequential",
  "wall_time": 57.01832283299882,
  "wall_t0": 286010.757739125,
  "results": [
    {
      "name": "long",
      "t_submit": 286010.757740166,
      "t_done": 286066.268455541
    },
    {
      "name": "medium",
      "t_submit": 286066.268473708,
      "t_done": 286067.470913041
    },
    {
      "name": "short",
      "t_submit": 286067.470925166,
      "t_done": 286067.77605
    }
  ]
}