{
  "mode": "sequential",
  "wall_time": 57.15454420901369,
  "wall_t0": 287802.213088541,
  "results": [
    {
      "name": "long",
      "t_submit": 287802.213089833,
      "t_first_token": 287857.204905791,
      "t_done": 287857.840577666
    },
    {
      "name": "medium",
      "t_submit": 287857.840603125,
      "t_first_token": 287858.844271666,
      "t_done": 287859.063198916
    },
    {
      "name": "short",
      "t_submit": 287859.063213958,
      "t_first_token": 287859.224214375,
      "t_done": 287859.367615666
    }
  ]
}