{
  "n_scored": 1146,
  "n_missing_responses": 0,
  "n_extra_responses": 0,
  "f1_weighted": 0.4087837223948219,
  "f1_macro": 0.2680595303698413,
  "exact_match": 0.45549738219895286,
  "request_errors": 0,
  "parse_failures": 0,
  "oov_predictions_after_parse": 11,
  "extraction_methods": {
    "fuzzy_name": 779,
    "json": 271,
    "regex_category": 96
  },
  "gold_label_distribution": {
    "Worker Strike": 178,
    "Accident": 191,
    "Administrative Issue": 333,
    "Human Error": 9,
    "Weather": 366,
    "Terrorism": 60,
    "Cyber Attack": 4,
    "Others": 5
  },
  "pred_label_distribution": {
    "Administrative Issue": 915,
    "Accident": 97,
    "Weather": 77,
    "AccidentOkay, let": 4,
    "AccOkay, let": 2,
    "WorkerOkay, let": 1,
    "Worker Strike": 34,
    "WeatherOkay, let": 2,
    "Human Error": 1,
    "AdministrativeOkay, let": 2,
    "Administrative IssueOkay, let": 1,
    "Bomb Threat": 1,
    "Okay, let": 3,
    "AdministrOkay, let": 2,
    "Cyber Attack": 2,
    "Worker StrikeOkay, let": 1,
    "Terrorism": 1
  },
  "per_class": {
    "Weather": {
      "precision": 1.0,
      "recall": 0.21584699453551912,
      "f1-score": 0.3550561797752809,
      "support": 366.0
    },
    "Worker Strike": {
      "precision": 0.9714285714285714,
      "recall": 0.19101123595505617,
      "f1-score": 0.3192488262910798,
      "support": 178.0
    },
    "Administrative Issue": {
      "precision": 0.3569868995633188,
      "recall": 0.9819819819819819,
      "f1-score": 0.5236188951160928,
      "support": 333.0
    },
    "Human Error": {
      "precision": 0.0,
      "recall": 0.0,
      "f1-score": 0.0,
      "support": 9.0
    },
    "Cyber Attack": {
      "precision": 1.0,
      "recall": 0.5,
      "f1-score": 0.6666666666666666,
      "support": 4.0
    },
    "Terrorism": {
      "precision": 0.0,
      "recall": 0.0,
      "f1-score": 0.0,
      "support": 60.0
    },
    "Accident": {
      "precision": 0.7920792079207921,
      "recall": 0.418848167539267,
      "f1-score": 0.547945205479452,
      "support": 191.0
    },
    "Others": {
      "precision": 0.0,
      "recall": 0.0,
      "f1-score": 0.0,
      "support": 5.0
    },
    "micro avg": {
      "precision": 0.45991189427312773,
      "recall": 0.45549738219895286,
      "f1-score": 0.45769399386234105,
      "support": 1146.0
    },
    "macro avg": {
      "precision": 0.5150618348640853,
      "recall": 0.28846104750147805,
      "f1-score": 0.3015669716660715,
      "support": 1146.0
    },
    "weighted avg": {
      "precision": 0.709492191956145,
      "recall": 0.45549738219895286,
      "f1-score": 0.4087837223948219,
      "support": 1146.0
    }
  }
}