{
  "n_scored": 1146,
  "n_missing_responses": 0,
  "n_extra_responses": 0,
  "f1_weighted": 0.7016392804207076,
  "f1_macro": 0.4081040364537546,
  "exact_match": 0.6989528795811518,
  "request_errors": 0,
  "parse_failures": 0,
  "oov_predictions_after_parse": 0,
  "extraction_methods": {
    "json": 1142,
    "regex_category": 4
  },
  "gold_label_distribution": {
    "Worker Strike": 178,
    "Accident": 191,
    "Administrative Issue": 333,
    "Human Error": 9,
    "Weather": 366,
    "Terrorism": 60,
    "Cyber Attack": 4,
    "Others": 5
  },
  "pred_label_distribution": {
    "Worker Strike": 205,
    "Accident": 308,
    "Administrative Issue": 176,
    "Weather": 352,
    "Others": 61,
    "Human Error": 18,
    "Terrorism": 18,
    "Cyber Attack": 8
  },
  "per_class": {
    "Weather": {
      "precision": 0.8295454545454546,
      "recall": 0.7978142076502732,
      "f1-score": 0.8133704735376045,
      "support": 366.0
    },
    "Worker Strike": {
      "precision": 0.8146341463414634,
      "recall": 0.9382022471910112,
      "f1-score": 0.8720626631853786,
      "support": 178.0
    },
    "Administrative Issue": {
      "precision": 0.8238636363636364,
      "recall": 0.43543543543543545,
      "f1-score": 0.5697445972495089,
      "support": 333.0
    },
    "Human Error": {
      "precision": 0.0,
      "recall": 0.0,
      "f1-score": 0.0,
      "support": 9.0
    },
    "Cyber Attack": {
      "precision": 0.25,
      "recall": 0.5,
      "f1-score": 0.3333333333333333,
      "support": 4.0
    },
    "Terrorism": {
      "precision": 0.7777777777777778,
      "recall": 0.23333333333333334,
      "f1-score": 0.358974358974359,
      "support": 60.0
    },
    "Accident": {
      "precision": 0.5876623376623377,
      "recall": 0.9476439790575916,
      "f1-score": 0.7254509018036072,
      "support": 191.0
    },
    "Others": {
      "precision": 0.0,
      "recall": 0.0,
      "f1-score": 0.0,
      "support": 5.0
    },
    "accuracy": 0.6989528795811518,
    "macro avg": {
      "precision": 0.5104354190863336,
      "recall": 0.4815536503334556,
      "f1-score": 0.4591170410104739,
      "support": 1146.0
    },
    "weighted avg": {
      "precision": 0.7703972761620252,
      "recall": 0.6989528795811518,
      "f1-score": 0.7016392804207076,
      "support": 1146.0
    }
  }
}