{
  "n_scored": 1146,
  "n_missing_responses": 0,
  "n_extra_responses": 0,
  "f1_weighted": 0.6053912720167621,
  "f1_macro": 0.4135854982758674,
  "exact_match": 0.5986038394415357,
  "request_errors": 1,
  "parse_failures": 0,
  "oov_predictions_after_parse": 0,
  "extraction_methods": {
    "json": 1145,
    "request_error": 1
  },
  "gold_label_distribution": {
    "Worker Strike": 178,
    "Accident": 191,
    "Administrative Issue": 333,
    "Human Error": 9,
    "Weather": 366,
    "Terrorism": 60,
    "Cyber Attack": 4,
    "Others": 5
  },
  "pred_label_distribution": {
    "Worker Strike": 176,
    "Accident": 301,
    "Others": 272,
    "Weather": 315,
    "Administrative Issue": 25,
    "Cyber Attack": 11,
    "Terrorism": 30,
    "Human Error": 15,
    "<NO_PREDICTION>": 1
  },
  "per_class": {
    "Weather": {
      "precision": 0.9301587301587302,
      "recall": 0.8005464480874317,
      "f1-score": 0.8604992657856094,
      "support": 366.0
    },
    "Worker Strike": {
      "precision": 0.8977272727272727,
      "recall": 0.8876404494382022,
      "f1-score": 0.8926553672316384,
      "support": 178.0
    },
    "Administrative Issue": {
      "precision": 0.96,
      "recall": 0.07207207207207207,
      "f1-score": 0.1340782122905028,
      "support": 333.0
    },
    "Human Error": {
      "precision": 0.0,
      "recall": 0.0,
      "f1-score": 0.0,
      "support": 9.0
    },
    "Cyber Attack": {
      "precision": 0.36363636363636365,
      "recall": 1.0,
      "f1-score": 0.5333333333333333,
      "support": 4.0
    },
    "Terrorism": {
      "precision": 0.8333333333333334,
      "recall": 0.4166666666666667,
      "f1-score": 0.5555555555555556,
      "support": 60.0
    },
    "Accident": {
      "precision": 0.5980066445182725,
      "recall": 0.9424083769633508,
      "f1-score": 0.7317073170731707,
      "support": 191.0
    },
    "Others": {
      "precision": 0.007352941176470588,
      "recall": 0.4,
      "f1-score": 0.01444043321299639,
      "support": 5.0
    },
    "micro avg": {
      "precision": 0.5991266375545852,
      "recall": 0.5986038394415357,
      "f1-score": 0.5988651243998254,
      "support": 1146.0
    },
    "macro avg": {
      "precision": 0.5737769106938053,
      "recall": 0.5649167516534654,
      "f1-score": 0.4652836855603508,
      "support": 1146.0
    },
    "weighted avg": {
      "precision": 0.8600559590287676,
      "recall": 0.5986038394415357,
      "f1-score": 0.6053912720167621,
      "support": 1146.0
    }
  }
}